release_year_month,Health,Justice,Money,Police,Politics,topic_share_5,topic_share_6,topic_share_7,topic_share_8,topic_share_9
2004-01-01,0.025013283607486315,0.001805590658709645,0.35162662817344126,0.0008582569260684462,0.005357782687076929,0.026060102361037157,0.22008602932370105,0.34178013468089247,0.026939580757389718,0.00047261082419701895
2004-02-01,0.007512624554969139,0.03194011918590601,0.5205236077459529,0.00983005621794206,0.013093618962558295,0.06223234820366583,0.15025160570361115,0.10285654144603636,0.09174792647605107,0.010011551503307212
2004-03-01,0.07594106957704137,0.01320359950182606,0.5289686505533148,0.00042546157648577483,0.03207147178124653,0.019244973582589114,0.1883629409751299,0.025692027112215694,0.1112383848739047,0.0048514204662461246
2004-04-01,0.026548933118155787,0.00047140574453324424,0.43440494360421694,0.0009205205807858488,0.03237202022130351,0.04571858258782418,0.17888433282382943,0.2179555384762918,0.06008840441350701,0.002635318429552268
2004-05-01,0.03012832604240052,0.001802520139667649,0.3914790962024741,0.0006546338393582334,0.0006222249147585419,0.019045291581752877,0.38949771705204467,0.09830405628078014,0.0633844378152365,0.005081696131526775
2004-06-01,0.008641817101368243,0.012978196823334507,0.5298610639002206,0.04509731906197303,0.025398960275937795,0.03323320927638992,0.13950872151406019,0.1188107759939852,0.06270824210331807,0.023761693949412417
2004-07-01,0.007768214845582824,0.010366035335228719,0.4486384279637994,0.005801922471834492,0.006055692319237161,0.08679230487176243,0.11364874331398402,0.1814924472573657,0.07540054927895469,0.06403566234225058
2004-08-01,0.012343221601499924,0.0003472403096121817,0.4961528067069759,0.0006780610418371927,0.11553313003656401,0.009242004820589109,0.14523688022827072,0.16109215002881014,0.05697979367346213,0.0023947115523786848
2004-09-01,0.003966893854403227,0.1959021034283659,0.4226976547966386,0.009895459951751994,0.013122022687783966,0.03915683790765845,0.1360724671672865,0.055699690613419,0.09143294834628118,0.03205392124641117
2004-10-01,0.014333996098781021,0.00042739863974060533,0.36393738246831703,0.012678878055555422,0.0633628330324461,0.08826420512512245,0.20359315852715912,0.15048128201850847,0.10246128901490552,0.0004595770194643011
2004-11-01,0.00785279535663309,0.0445196732981989,0.3504452943321561,0.009708483285447189,0.024556388167142614,0.018926951438318337,0.22416908122416812,0.16975362542734657,0.13990097780173474,0.010166729668854355
2004-12-01,0.03642547934243103,0.0005223318047335798,0.5183533424580568,0.001019964578847846,0.007786424390991843,0.044197699267346326,0.18023089728208402,0.17267672443870974,0.019193095912546237,0.019594040524252686
2005-01-01,0.015747949986073036,0.04923753686747192,0.34466170065791324,0.036644414901047626,0.007004222479773811,0.038561713993856814,0.14614904130433978,0.16465997832901552,0.18515369051171707,0.01217975096879118
2005-02-01,0.008990413802886914,0.005972002438851794,0.3876926551107482,0.0005771677298434824,0.06482246787511803,0.021086611463135972,0.11481089995570053,0.3655621710083587,0.03016778525298252,0.00031782536237383167
2005-03-01,0.013349901251525405,0.009941998158777405,0.5356756429520585,0.06344488737661536,0.004331724603444577,0.055296568168359844,0.0774179446367698,0.195861318576334,0.04042165951386558,0.004258354762249588
2005-04-01,0.031053391283631545,0.04032157878971805,0.445093902039133,0.0494184424786626,0.07162646150458134,0.032987322060484645,0.11933657716013078,0.14440323238912992,0.0364509756631396,0.029308116631388527
2005-05-01,0.02002964980308252,0.010360646480148708,0.30171223223093946,0.006105359519792166,0.008907160705153414,0.010105792461668206,0.2966112077209031,0.0882540837767473,0.25766155068348384,0.0002523166180812794
2005-06-01,0.00873325984737358,0.016662726470358994,0.541076881343746,0.17573649312825426,0.023531439749148866,0.008852223943657573,0.10127362984715653,0.06251466472384296,0.04847677139907073,0.013141909547390562
2005-07-01,0.01954324524228076,0.056936912413025696,0.38057735016513733,0.0033083078493432875,0.026729885547688237,0.016029169041317733,0.2864644369620936,0.07979664339869827,0.11779443273970103,0.012819616640714097
2005-08-01,0.010031887091630859,0.032848094300124336,0.284791274684636,0.05530775104920247,0.0014831947920113384,0.01582398986093111,0.1561636658832387,0.23557881556742868,0.20758791764683004,0.00038340912396644554
2005-09-01,0.0017877076624462482,0.021816150139016766,0.46603324657529166,0.003504973137348893,0.15266824890443909,0.01836584146465317,0.13406255244297172,0.10915801716449833,0.08317762365375075,0.00942563885558336
2005-10-01,0.0016393116037534546,0.07467761604695905,0.4191243629646128,0.006146708499499406,0.11313679055843906,0.02554353990256545,0.21660283691087015,0.12286023056228794,0.019974831589239482,0.0002937713617732272
2005-11-01,0.0004678806218620808,0.0032417844585450016,0.445146270341707,0.0020385477888845305,0.2726049026750112,0.034894679653256044,0.08723338381341081,0.06787594630146901,0.08624112293121922,0.00025548141463514236
2005-12-01,0.011806877902936408,0.15015927938748241,0.2877191610580448,0.01165036713434281,0.006357051949766792,0.01795228452471704,0.16919754711855745,0.21234190096228678,0.12447275621163231,0.008342773750233219
2006-01-01,0.05582515043871971,0.01097145772249226,0.4268159785245483,0.0006540776807107549,0.033690018966555386,0.01064148023334192,0.29579207643542377,0.13122328038959358,0.030501510906335346,0.003884968702278969
2006-02-01,0.0005053589634911468,0.08906947639085315,0.44476929733251147,0.0012918894476471121,0.0015333787679347327,0.021536075606764845,0.18683837095541803,0.1339839985026715,0.09585957353471716,0.02461258049799086
2006-03-01,0.0004893609150689465,0.0036141319408565216,0.5719692961565179,0.2552303813028322,0.009830385874261535,0.0035475437315415064,0.05679717423671468,0.05853075413226611,0.039723761166121294,0.0002672105438192168
2006-04-01,0.024168475291122565,0.09004264054590011,0.43394681748566893,0.02355328774365648,0.021164555509669288,0.033122750236082535,0.1070687245144972,0.09119478456424984,0.1733658798794232,0.0023720842297298836
2006-05-01,0.07533865683714168,0.024562402684593837,0.4818263776663712,0.0043339209224746034,0.057074511166961814,0.034315130942642116,0.13820303184781546,0.1182765183951575,0.06310007147882421,0.0029693780580175556
2006-06-01,0.013593475902334645,0.0025425693950225804,0.39454231762650444,0.006886774965743165,0.025264427804742928,0.00554121523101876,0.26911596219370476,0.14349115942220847,0.12522586201658492,0.013796235442135329
2006-07-01,0.005200613346142962,0.04450940932363995,0.4633416050690387,0.07038004726294998,0.047418989919356856,0.016643667573654423,0.20450355584430974,0.07532378241096364,0.072086428721322,0.0005919005286217402
2006-08-01,0.0004958955394863444,0.0018440030462648983,0.29461316963079515,0.13624656586197534,0.0035589081171524526,0.01657223708047512,0.34796084987409087,0.14844894078675713,0.04401374534576702,0.006245684717235684
2006-09-01,0.0322689562235115,0.000260269572206148,0.3690992169954262,0.0016496212805104874,0.1829852984010077,0.02084822267168557,0.1575554921844115,0.11602839995037324,0.1190246577278948,0.0002798649929728389
2006-10-01,0.007805987636698457,0.005892854428834092,0.5125455867102013,0.0826247446417738,0.053494316773552354,0.02676387574812711,0.1348332776716045,0.08666211305362718,0.05526687587400573,0.034110367461575454
2006-11-01,0.02136267073761205,0.021919365600086026,0.44439832920397715,0.007430190028554811,0.00829269809650392,0.01718152836789138,0.14216564953496008,0.27576750457785093,0.055544319763115836,0.005937744089447842
2006-12-01,0.0017384857962647734,0.0025326831664159053,0.1590154184939317,0.07419606431878566,0.38186076884085457,0.011033315576623869,0.2412221757730285,0.037813961726357474,0.0880596098040523,0.002527516503685268
2007-01-01,0.000658829488499765,0.04713518330398318,0.4310166445423688,0.0018290955872048305,0.001737611735254281,0.0971342536090141,0.09762240425645939,0.09229925157698321,0.10800753994905869,0.12255918595117374
2007-02-01,0.023237950795184086,0.0030493467174027866,0.37788566660309053,0.09243293078456324,0.03502419519740487,0.04650455689434561,0.22899975903156222,0.0895730997088557,0.07048866069927166,0.03280383356831927
2007-03-01,0.0019361140829307949,0.10363079009485895,0.4483818277490642,0.0564199160502959,0.01256308140300047,0.16714809627849103,0.07988839878212847,0.10834706033698127,0.021429894083609995,0.00025482113863887975
2007-04-01,0.00055885335222637,0.000283789930054114,0.2663352008347972,0.24981561729723387,0.000526725918088591,0.004191403448732304,0.04315541624514331,0.4153050480395383,0.001898765677708097,0.01792917925647778
2007-05-01,0.029694891019033057,0.0033366602808058343,0.429439068541736,0.03627047774937371,0.02330403423973371,0.062158720576677956,0.18989293500642662,0.09445169368789999,0.01990433313288357,0.11154718576542952
2007-06-01,0.0005213032074048131,0.005464991952759683,0.26380184278043456,0.07487184540901562,0.0004913344121658346,0.20638587458526872,0.26957965097259295,0.15301016605580675,0.020554101614871024,0.00531888900968005
2007-07-01,0.008413381256888097,0.09477014573354284,0.4399031822364835,0.016407021393491823,0.0005691822807798526,0.005290058555492739,0.29963600779490923,0.09233867092394894,0.042342596729342756,0.0003297530951202386
2007-08-01,0.00241614577041267,0.0062008046031362014,0.40558149903531804,0.0006253205971063746,0.013556233647685175,0.013595067503072407,0.3724626569131417,0.10156381504257116,0.08365411547560427,0.00034434141195205056
2007-09-01,0.012526595925846996,0.0003053407566393772,0.30935873853066675,0.056285422424380935,0.06805729638365374,0.002219754031860011,0.2120883626924245,0.09252641428658959,0.14730614851704144,0.09932592645089663
2007-10-01,0.11765317413900012,0.06745781430066657,0.4133164770243204,0.07536238980975574,0.02040752260318066,0.022803200518299954,0.18246777359480343,0.05501853591399651,0.04328130290128196,0.002231809194694677
2007-11-01,0.018964682479684306,0.0002761260199876932,0.31376216239119303,0.12380133379739683,0.006931421878498532,0.05986281358869843,0.1906351219184553,0.19378677404174477,0.09014745345007115,0.0018321104342699436
2007-12-01,0.0007120064066102906,0.0679310089933973,0.39528622804320696,0.31190889801996996,0.004666567772462023,0.005062976362020587,0.07809108265470543,0.06563886987070891,0.04934464005353072,0.021357721823387826
2008-01-01,0.0006892344175752793,0.0010815169777629828,0.6223624424261291,0.004684281685590268,0.0020549768227792506,0.013398810694959802,0.1273349010434386,0.14299717170677395,0.08502031480922065,0.0003763494157701233
2008-02-01,0.06304034480200643,0.018880220137818465,0.34662274737826654,0.11706761358635605,0.000553771693756763,0.0023954787121215275,0.18175411319614887,0.19874822807047154,0.07061665738355484,0.0003208250394989576
2008-03-01,0.032319107112799166,0.0012523014274512926,0.2828640976352682,0.24571832779376432,0.0010881583348602221,0.03915389244782738,0.0781058763505902,0.21366008103008116,0.10561191680722853,0.0002262410601295026
2008-04-01,0.012098032430611761,0.025033163935007825,0.5364518662902631,0.0017149530924323146,0.010255826396601922,0.01694531118095875,0.1688396994864318,0.07480050637901686,0.0920100065764383,0.06185063423223732
2008-05-01,0.0032807200402129675,0.0013099562607713296,0.12215360228915433,0.003622089353343375,0.0004818015704005104,0.1571525779785603,0.493826374107114,0.1777364626041216,0.039360204895727696,0.0010762109005939013
2008-06-01,0.07618113470099476,0.03561027582615606,0.2621688249656571,0.08057155675615017,0.19168722454029946,0.03587630356654752,0.13665449031536717,0.055583044800680305,0.06821599192751217,0.05745115260063533
2008-07-01,0.0005559436075394184,0.00028231234427436103,0.5178738963119252,0.09233135244778214,0.0005239834352701663,0.03376270104428172,0.06194578562439211,0.1163264201794188,0.17609403765959344,0.0003035673455226434
2008-08-01,0.052584889636210164,0.0002575412544793233,0.3228377226439248,0.01772225932800988,0.04537314951263319,0.13128785388892286,0.10497361954280202,0.25293290908892285,0.07080511730989042,0.001224937794204532
2008-09-01,0.032579033378895374,0.016466626810590572,0.3529372287351892,0.01922589959700963,0.024415579732962638,0.04165777349785574,0.22858949756303248,0.17336449954843897,0.05236525539735365,0.05839860573867179
2008-10-01,0.00200577266627387,0.0003272589350035128,0.5827913498254884,0.0006390431315731054,0.0020038082862087318,0.004024815310833501,0.08555802952013274,0.10436144174064688,0.08165319291788006,0.13663528766595917
2008-11-01,0.003629605743246316,0.02945410678393697,0.4001470126055069,0.003305341603534701,0.07655889493779706,0.0337552132717964,0.133641064711468,0.20989685456215623,0.10654644133821113,0.0030654644423463375
2008-12-01,0.039954631836673735,0.00030149427009708166,0.2905003997335189,0.1265830691903374,0.11165998485901174,0.05671005896122705,0.19125571056043664,0.03549325085510434,0.03921154601512681,0.10832985371846633
2009-01-01,0.01209079437929586,0.003398863757072905,0.404690346574437,0.19342445643341238,0.0991406914974149,0.017333507947676786,0.09673592470587147,0.1115459675524057,0.02999928462507609,0.03164016252733696
2009-02-01,0.0007732304270000847,0.10393380369482944,0.22338130590511185,0.0007667374386094871,0.09202407060271361,0.04560138593340779,0.3710991273787438,0.15842227596178385,0.0035758480912522995,0.0004222145665477815
2009-03-01,0.00417578639074572,0.05941225059624581,0.4997130039714972,0.0005747922771251344,0.07642819109668661,0.06912877278917144,0.07723211632628538,0.09274296507795089,0.118890580793922,0.0017015406803698003
2009-04-01,0.002183582507636046,0.0056867730204172235,0.27757488083281695,0.18355986028780777,0.04902077704759552,0.0796431995210969,0.15095183936677592,0.11983492293085937,0.13008425284679598,0.0014599116381982958
2009-05-01,0.12435821728911278,0.004528352194412274,0.275938566978097,0.0005045920161288708,0.004296294994795346,0.03163459868486361,0.1641533124041737,0.2049453132091547,0.045820509324906465,0.14382024290435527
2009-06-01,0.054943813930751956,0.005282848439005903,0.3589751864470937,0.05195436231875916,0.006619714492400232,0.01434064433149919,0.1976705399144351,0.22534635795240104,0.08055489162540934,0.004311640548244404
2009-07-01,0.01100541342943252,0.00028937131817043414,0.45151086434392756,0.02050652365927434,0.1928311378775444,0.008089435873464258,0.15105511271084165,0.11710779437158687,0.04729318863650706,0.0003111577792508889
2009-08-01,0.05018009501371804,0.002806721392138189,0.38835283882081645,0.00889754008936016,0.0026709325377858493,0.016144100001069105,0.16973503039504625,0.28537831824541976,0.07008110945802892,0.005753314046617247
2009-09-01,0.0676988712005373,0.00708886428998894,0.41979716344937,0.15654049665668568,0.007488699958247801,0.014931720445356855,0.19444313197544424,0.09691499029953714,0.03139243533891329,0.003703626385918722
2009-10-01,0.004013395148794621,0.007074539083169087,0.5449672949951414,0.031087762602557,0.0005496231093874762,0.04116295926256859,0.10746398051465274,0.1563492876350477,0.10274686566447179,0.0045842919842095774
2009-11-01,0.007089055205132077,0.0033231873183749636,0.3885526297216569,0.03255149044644159,0.038064393706015665,0.03585333332491113,0.2167052866770394,0.09515690488436523,0.14933662325657912,0.033367095459483936
2009-12-01,0.004649111961114669,0.16401867907648215,0.3418160876252485,0.07377574549224067,0.0031291195008371943,0.038800927248772196,0.0610512715106938,0.20763625659877802,0.06268510401080185,0.04243769697503093
2010-01-01,0.003835806216543985,0.006724857837776455,0.27061231517424394,0.04237155761899864,0.0034932691183580025,0.014378293370129245,0.24733801173305212,0.23666209924055406,0.143986198585522,0.030597591104821544
2010-02-01,0.11411554383334588,0.006766234676325469,0.45712167152921535,0.000596402884077079,0.016225610378100157,0.0997864069967471,0.109000995158657,0.10470664529524394,0.07967832170926384,0.012002167539024193
2010-03-01,0.016304834883572414,0.0015641805394640284,0.45414012047653896,0.091088186026538,0.0037341381406776368,0.03525826015477966,0.09291494600651014,0.2434821454271378,0.05985776113026791,0.0016554272145134614
2010-04-01,0.03745130520607676,0.0003592125050483603,0.3394181883448313,0.0946199802002171,0.006989019638680849,0.02982653197048412,0.19533048034303063,0.1317898912600932,0.1479438255439317,0.016271564987605992
2010-05-01,0.016057462375989744,0.0018543208773606757,0.3849299406884165,0.0020480340403724803,0.09037796759414368,0.034407928064692436,0.11325668286271087,0.12510723244596733,0.19133132294018398,0.040629108110162244
2010-06-01,0.01763996090532419,0.0012019803075219374,0.4841142961690165,0.011038894705271692,0.009432835818674865,0.007497954314935324,0.19989693262648173,0.201724905135306,0.05618836725899899,0.011263872758468785
2010-07-01,0.0072222905301781186,0.000314905388118125,0.29154488422841074,0.06117067182433202,0.025358182593489563,0.025456148522242084,0.1014700156648615,0.3312081847623405,0.14546970814836663,0.010785008337660749
2010-08-01,0.039358276499542474,0.0038311969390023696,0.47741998441508926,0.005748325343557146,0.012376814556555158,0.010630215160779145,0.1838195402396209,0.13316864711926474,0.12821323413026964,0.005433765596319123
2010-09-01,0.08458853943004901,0.02035271761386295,0.5431581266195635,0.005989469192131064,0.042549653017226505,0.01819306744281446,0.1523181473543312,0.08239631969248211,0.044973023090575444,0.005480936546963747
2010-10-01,0.015815909971562236,0.050673619020957156,0.23960240666639734,0.002090811326193589,0.0004622289554668912,0.025658707971277346,0.40294318855710126,0.18703494814317997,0.07545038921263228,0.0002677901752319546
2010-11-01,0.026231875460118577,0.027947108630315687,0.36605419908162173,0.008514414795296065,0.11880855326061492,0.03549060346606817,0.17965636308175295,0.1376791170636071,0.09444608819488257,0.005171676965722183
2010-12-01,0.014676249820829195,0.0018180727370219875,0.49268073962905523,0.0005394318392221213,0.005105438749452676,0.009126467601341053,0.1854317891520808,0.06404139682532277,0.21316758750142928,0.013412826144244851
2011-01-01,0.04654116174491328,0.022656727210228902,0.3876844920139535,0.00822718222462375,0.006803346176672521,0.018833370755992455,0.29594899424426185,0.16445700615491832,0.04129131007876867,0.007556409395666738
2011-02-01,0.00323841191192631,0.0077187063880066855,0.2474609790675588,0.15678908875441042,0.04761333447253019,0.04768042501614974,0.27628023152956505,0.1496838542768438,0.019932476132241635,0.04360249245076739
2011-03-01,0.03936598232464492,0.00026160605761027815,0.6288505009891354,0.06297589707568133,0.004873548842356642,0.05794043990429377,0.15354546373426825,0.031904480781181736,0.019209534339192223,0.0010725459516354712
2011-04-01,0.08198135463084684,0.00028283722885772013,0.18289728899337895,0.23887550256988863,0.15115622982766092,0.023979974839895453,0.12854394660905352,0.16715788246894273,0.023523095843297884,0.0016018869881773527
2011-05-01,0.04060453446568734,0.0015467854657347175,0.34049941975218323,0.07797883942143048,0.012348305426124516,0.08027618661316652,0.18757542064881144,0.09489620185675404,0.15335887439546542,0.010915431954642264
2011-06-01,0.06122784984932775,0.008510242593965545,0.24022207375502655,0.0624814220422351,0.16650186149802196,0.06327925995506842,0.13444054705905245,0.21508297320503308,0.04422489158159779,0.004028878460671377
2011-07-01,0.005929851668212703,0.0003060749722584582,0.5435724037983334,0.0034702414326199006,0.04862630801637368,0.041692840233357606,0.1482920216530514,0.13058391388301469,0.06798237028755014,0.009543974055228005
2011-08-01,0.0070711807491054424,0.018432078670974177,0.309857294180614,0.0044691110503355495,0.06722277225697705,0.16791975105329843,0.1842291429910281,0.1690109629031154,0.04098981521110519,0.030797890933446703
2011-09-01,0.07253260013477707,0.007038381337486252,0.4560540546819277,0.004290927135018906,0.04744018056362189,0.0230199724727945,0.0671934496560015,0.12293723619944634,0.15213988883231327,0.047353308986612566
2011-10-01,0.013556952271626233,0.0002434681120332198,0.389350427556705,0.0004754235543183865,0.26523292460358705,0.12667096741085593,0.10990482543029981,0.031483351343763635,0.052729490579024096,0.010352169137786587
2011-11-01,0.0004670283184849453,0.0002371604983675903,0.25317551971916435,0.0929223995117291,0.00044017972353261735,0.3016352168577229,0.20265794670661952,0.1124828749489453,0.00681695244673456,0.029164721268699123
2011-12-01,0.01763909347275591,0.011214921451355525,0.579415410888056,0.0032444128662694493,0.0070293096179896465,0.023147504573188208,0.24475465588115475,0.03634362733282463,0.07671828295379265,0.0004927809626132129
2012-01-01,0.005241655288401671,0.11347729866141319,0.43402049039769186,0.07947489481411794,0.0006794940403964827,0.03587556528276773,0.18828732978899854,0.08407487876500282,0.05029192338551293,0.008576469575696823
2012-02-01,0.039096036170222774,0.000227102799036327,0.21366609716008667,0.008400203971777558,0.05386938769845865,0.04484902779628687,0.19468361155648925,0.2443780527933849,0.12145038791242858,0.07938009214182842
2012-03-01,0.04094523008875121,0.0029394823697561187,0.2802158895432394,0.001986669506606744,0.18663618322651115,0.03585790688923583,0.1410007977518116,0.279837721713405,0.02728221826364681,0.0032979006470361632
2012-04-01,0.05035488501116138,0.10650449362902983,0.38512395928118015,0.03525423312029401,0.06578758929292605,0.014333592369310727,0.1274820201385016,0.1354316292871237,0.07635391058514403,0.003373687285328519
2012-05-01,0.015448067465875957,0.0047478143406367995,0.3866208850544684,0.008153431995196178,0.017271193608506187,0.023778094942157112,0.21207871876631823,0.10770109869806119,0.13368151323464134,0.09051918189413861
2012-06-01,0.155761935327795,0.00026726701359340284,0.5060671796696322,0.000521896004670423,0.0004960586744093029,0.006198482532134581,0.052285190567928554,0.042027952277918,0.2312659686506435,0.005108069281275076
2012-07-01,0.044291114589886854,0.04313506559712584,0.18918804494314023,0.009456832268142736,0.020794658567869242,0.05649903724750128,0.44833202364048264,0.07049712522580422,0.11306966820339855,0.004736429716648417
2012-08-01,0.017350474013983957,0.0004091288675377662,0.4079973103539986,0.0007989116316208559,0.015947172959916198,0.07146229174198894,0.31993596636401733,0.09364513094775236,0.0720136813709315,0.000439931748252441
2012-09-01,0.0022968117401514793,0.0015684615856085867,0.3236279344846455,0.05898516540736152,0.05318802344400395,0.04252266313120697,0.279665624060839,0.10098939576389677,0.0673430818784975,0.06981283850378872
2012-10-01,0.03680267081521727,0.05338055579412078,0.3546353256662939,0.01728644830292447,0.08574743480952204,0.06426432683410675,0.18668288051763687,0.06286383485599421,0.08179264386282027,0.05654387854136339
2012-11-01,0.07965437178632366,0.004985870786438543,0.41806865650068614,0.07586285564021575,0.04225292016521032,0.016416723712522032,0.12129908798126564,0.11845355857513935,0.07352179454522013,0.04948416030697845
2012-12-01,0.0006251112669333296,0.24535313406593526,0.48763867843587727,0.0006198621087886871,0.0005891747681658919,0.008973772558544207,0.09776103722585197,0.023337300630021738,0.11988963877099859,0.01521229016888308
2013-01-01,0.03231286016486078,0.03468423242675164,0.38148215668954966,0.004315991679057305,0.009405266954429455,0.02422340308804144,0.14676900181307423,0.2646120054044548,0.09747793818914724,0.004717143590633506
2013-02-01,0.025915114213494725,0.05195999195098337,0.46768391512300894,0.0014923313404600453,0.010800344291879885,0.02540528618607944,0.22659256977184866,0.12149968877206986,0.032015742361064775,0.036635015989110266
2013-03-01,0.013818242673603915,0.0035895370468071322,0.40186737124116734,0.02003896413663951,0.044716077197054775,0.08546143490035055,0.14708990722195664,0.12918839905292806,0.13329804240691132,0.020932024122580786
2013-04-01,0.0033743651524896345,0.001538613163952445,0.38432430805788115,0.061410674372680565,0.0018025878300930067,0.015335862455677113,0.14667847407099535,0.20234107110378985,0.07215368420074245,0.11104035959169845
2013-05-01,0.0006549354928847958,0.1667807723970986,0.3395702542338859,0.0006494358781692347,0.0022137303313459885,0.002475649630956142,0.17183891527172393,0.1956904229802559,0.11284565737929116,0.007280226404388329
2013-06-01,0.004700200089286514,0.013199805246224166,0.299592776500026,0.008603689683750292,0.20368001140267422,0.010799838761062974,0.16573293194430014,0.24283398582741592,0.045238100622531634,0.005618659922728158
2013-07-01,0.12259805274378238,0.00922468243132109,0.44335403556538866,0.0005724808000797505,0.1169297663088527,0.03331260281776959,0.08680588628718885,0.09905312822015376,0.08783412040876899,0.00031524441669420096
2013-08-01,0.06803906192707922,0.015323676830319908,0.29855749129920023,0.0047380739298346665,0.0004993955613507502,0.04191428097733093,0.24412385729335043,0.06442902078624041,0.1250473664926085,0.13732777490268497
2013-09-01,0.004346586020628982,0.053517350392420095,0.43749049036271687,0.007511228830112731,0.004871243268244866,0.031559609205791504,0.2842763686010348,0.042357774235665634,0.1318898272091253,0.0021795218742592603
2013-10-01,0.0799307174544008,0.002757699364534133,0.3302909519514639,0.05275719479684081,0.0037557669218850087,0.038064054685884224,0.27666329611765306,0.10616244540544723,0.10761387100586062,0.0020040022960302246
2013-11-01,0.00222583914369924,0.0003406864664062156,0.4185441003287205,0.0099163369160573,0.00257335053148812,0.06371451019619809,0.18563919603518134,0.15165235533914115,0.15715975522945463,0.008233869813653403
2013-12-01,0.0014614523520474073,0.041986208803516646,0.5877498677560575,0.008287039930178357,0.012626109708600744,0.1308743780355049,0.1282467738868453,0.04847855117334873,0.03922095683276526,0.0010686615211351331
2014-01-01,0.0004613035671830927,0.4165087951319456,0.10478087088970964,0.0004574299401811542,0.003106331467720427,0.0007576027267119598,0.059962630673781846,0.14179790318000393,0.26819690196275253,0.003970230460009837
2014-02-01,0.09383174964627831,0.0025053511384511133,0.35061403114434947,0.0006166504405574343,0.007101522292213292,0.06411170775646954,0.24817672507213817,0.05158994999925427,0.17791127534747353,0.0035410371628148934
2014-03-01,0.03950958598940892,0.046466366069950304,0.3125912012057252,0.08192046765125084,0.0005957419749480788,0.013612342908124672,0.2395849547940031,0.18988701673461517,0.03218078442191215,0.043651538250061586
2014-04-01,0.007672165179941973,0.00031533820167504523,0.23015895575835352,0.010396353479239503,0.002799913199448379,0.05777748174274027,0.17187445402534324,0.22609332816793817,0.05563268465958293,0.23727932558573697
2014-05-01,0.028349543043186744,0.006506182017500096,0.4085401930642697,0.003485528976139086,0.058152209232654004,0.020112280044158118,0.1971073279427467,0.14867615994699077,0.03812977750069547,0.09094079823165933
2014-06-01,0.01778611266907245,0.049323458193499994,0.3262232018175248,0.003056457435183332,0.027824685911257842,0.0317797069837627,0.15643413689401509,0.25547777436146,0.1156483100806743,0.016446155653549465
2014-07-01,0.04285935660175497,0.00170021871857315,0.34734950680299187,0.030493726903135055,0.08416661219092385,0.12782518437841076,0.19783722334309076,0.1069667092430237,0.05145539326878202,0.009346068549313863
2014-08-01,0.044438400060007044,0.0024466545948695377,0.3630102670782101,0.046310418631931374,0.004940997856193332,0.043221518611599744,0.27794921977939707,0.1480386943078531,0.06471635275398828,0.0049274763259504065
2014-09-01,0.00046100047281042545,0.057132650161987826,0.20681616564605085,0.08505672468022044,0.00043449835732692804,0.0433243995254205,0.10502944268522485,0.24647407506616206,0.25099017361017545,0.004280869794620652
2014-10-01,0.23910033894722188,0.0055404245191555575,0.4303950107206051,0.00543950636307889,0.004673766096211963,0.03694217493918577,0.1267114739249795,0.08833942863572511,0.029586659744178144,0.033271216109658115
2014-11-01,0.03174938794893462,0.09412925208796435,0.41556927265463944,0.015725360861652188,0.07115792858782946,0.02724579785160519,0.19333963940861404,0.044805261108661246,0.0507780382759159,0.05550006121418356
2014-12-01,0.0006920525270065791,0.011207101740455382,0.2802894280315315,0.14671511445959778,0.004214035843382645,0.039586680411543146,0.21528405011746932,0.2643993933710516,0.03723425529942087,0.0003778881985411261
2015-01-01,0.02766268074381882,0.003143412081326257,0.2728742230213808,0.11094831929980904,0.12352600034054044,0.06475989711765924,0.1650160325412871,0.10671778218174677,0.08546883300437379,0.039882819668057706
2015-02-01,0.0026925684444456754,0.009712246460548149,0.3426650587758957,0.0005391674629501304,0.0037780562714152806,0.06292068568546491,0.12898588334243305,0.10090016498593027,0.13458274049014599,0.21322342808077085
2015-03-01,0.004589537311138252,0.006980130455439136,0.3995076642178826,0.008701664722166054,0.014775283626999449,0.10197129264469358,0.16385712631139746,0.09820093848199753,0.20111560876099135,0.0003007534672945961
2015-04-01,0.0031119218201833706,0.004590483411821797,0.30136943181100434,0.09220621042652385,0.02185339549724694,0.1619402449359639,0.10875624919904113,0.20175239978179962,0.04412303664714094,0.06029662646927411
2015-05-01,0.0007555594493476096,0.0003836787940098754,0.28287150188419247,0.0007492150141302969,0.0007121237894894233,0.0231076872502279,0.29157858894261385,0.32041149264990193,0.018738962201608537,0.060691190024478106
2015-06-01,0.004102715399350288,0.007068488469443382,0.3377190209601881,0.016931456365256094,0.1131064428322885,0.05012278024822327,0.2695028962344845,0.1124394297521832,0.04308043134511953,0.045926338393463204
2015-07-01,0.030632126114096183,0.008832680310128307,0.36230551619168977,0.007936570698136837,0.0037746784748375014,0.011692190895981685,0.16113093904015666,0.1998866845245302,0.11230933827741661,0.10149927547302623
2015-08-01,0.021443911437658194,0.008257872687011936,0.208991756404585,0.07945423059957324,0.06826028464183864,0.2186798217491258,0.14999712650844643,0.08307878955086853,0.13428684975612037,0.02754935666477183
2015-09-01,0.06652709231974674,0.028085791567373498,0.31746635421211084,0.09091638601782648,0.00043387150193670927,0.07863331502750757,0.2511194434794374,0.10636338188853077,0.05495695777484407,0.005497406210685978
2015-10-01,0.052789667474252844,0.09691612900417215,0.2838840876505129,0.011041385144343758,0.0031839861128947597,0.04120517678491992,0.22337530956642684,0.151045454116602,0.13578926742585506,0.0007695367200197872
2015-11-01,0.017534222689662624,0.0012727078296398166,0.4282422841129829,0.001962786943129418,0.028577806852190486,0.085556094242864,0.09363251316154139,0.20113551199648672,0.05348411961319545,0.08860195255830722
2015-12-01,0.0005785310172196916,0.017634207747299433,0.2641311951302801,0.0005736731570532653,0.009860227117348998,0.04744110597878184,0.3652321447473353,0.2506571930998082,0.03873712717744293,0.005154594827430244
2016-01-01,0.00496069961373317,0.003159100865762878,0.5095968352309429,0.0057180642990797975,0.01039203008518344,0.03474018759771403,0.24953065379394837,0.14004226877365028,0.03863618937850846,0.003223970361476648
2016-02-01,0.0005634696665044465,0.10537289256378204,0.18446094537113497,0.0005587381216207961,0.0005310767852792561,0.11634463659330384,0.07281618433501591,0.04853733446455702,0.18606298811021202,0.2847517339885897
2016-03-01,0.003131099852336572,0.0025572353017101674,0.20094882646796003,0.0005037034486020726,0.00047876676496618343,0.10915106499436997,0.12939608525299068,0.11067430655031239,0.18597545664483123,0.2571834547219207
2016-04-01,0.03928130057568807,0.2758689285612336,0.2894348595185684,0.015331016191173335,0.027742673722625004,0.09071687390796432,0.11607789511016957,0.09633733473987383,0.047049388627046544,0.0021597290456573364
2016-05-01,0.025856648493525664,0.04532435149363573,0.3977870653178709,0.006743497336271257,0.05492293121997022,0.10379190816367521,0.11592061697311813,0.06268028350854903,0.08621144272463757,0.10076125476874631
2016-06-01,0.008382250943261508,0.065595864147383,0.24665566585151952,0.0438017667495592,0.08444496104035008,0.06871207228172417,0.23681590647332926,0.15528199047786095,0.0561453594573718,0.034164162577640496
2016-07-01,0.02883704026585155,0.00573113093256893,0.44491444607641756,0.010458597668953183,0.004209113141225395,0.12398334510343136,0.3214996432883869,0.014348842275756207,0.044332852558132435,0.0016849886892764594
2016-08-01,0.010768850312062714,0.008518466371639413,0.32004658236756206,0.017046415494632736,0.037561364725278455,0.08492005063363675,0.20866622829577683,0.14453726674274903,0.12170461610884119,0.04623015894782082
2016-09-01,0.026339761881764193,0.09990807118798418,0.5586376175833794,0.000467669898990978,0.006115703999118459,0.10303255936643338,0.10251627968228533,0.04600282144779702,0.05115402088002929,0.005825494072217804
2016-10-01,0.008323424691458258,0.06889821434206689,0.29315819024025125,0.010238041589164132,0.019107979046790124,0.05431380274346803,0.17121474759900157,0.03207551880375064,0.2147685182202881,0.127901562723761
2016-11-01,0.009333588541810444,0.0003856738323714066,0.6368934164486885,0.0007531106186064306,0.0007158266195531283,0.056952744678218356,0.08018240226861251,0.05038787979681208,0.1580108918594932,0.006384465335834022
2016-12-01,0.0043431614381552654,0.01397527023617493,0.38769621378163216,0.11145202977531145,0.07652658463683447,0.1629718533679522,0.08914323432282222,0.09836962587217919,0.04711008169517639,0.008411944873761722
2017-01-01,0.0013918898999574448,0.0012276485757082914,0.35479637536975944,0.05307322202379617,0.06614955993989166,0.10362693377942635,0.2142278786385777,0.10754164169105805,0.09769256440450558,0.00027228567731929943
2017-02-01,0.01225226492913882,0.0052127932938010645,0.4527041724012655,0.02910398946530409,0.02698222410317974,0.03594385875409744,0.15901933317509587,0.11310327654334343,0.1620273328354327,0.0036507544993413707
2017-03-01,0.013021213089722157,0.07036179022325748,0.2708462506207001,0.08383930402476654,0.06482862461936463,0.01733734240109388,0.18421932713809244,0.12188392634653242,0.12310060107519312,0.050561620461277205
2017-04-01,0.003910757306774059,0.0693814943601795,0.4391999083299555,0.02038904638480449,0.009392193911708185,0.049742123653678146,0.21809323897906463,0.10831684440210416,0.06643563371972876,0.01513875895200261
2017-05-01,0.0005738251030799818,0.1520807489532969,0.187261990279031,0.16945050826684196,0.2808291635998782,0.06187321350364372,0.04100743333106443,0.05089108316179107,0.027551384038693626,0.028480649762679073
2017-06-01,0.06405627785636461,0.07717394935218612,0.39229506160531136,0.0024942648925226885,0.005059623125465876,0.09688987622736049,0.0829711410170386,0.1579800962048633,0.11475083572666,0.006328873992226964
2017-07-01,0.0868146210923446,0.006495222866241522,0.2530109811785756,0.006830365254260194,0.06441828181967342,0.03673788688394989,0.08825344949505823,0.3322121284245284,0.12196459401577459,0.003262468969593539
2017-08-01,0.0028626071468413833,0.20991192934584094,0.28226905575220557,0.08122813888801861,0.05968510056779233,0.035531370560902824,0.16813710183560873,0.11784988502239384,0.04151338147405089,0.0010114294063448641
2017-09-01,0.07726874484192713,0.06090988716272445,0.33203092496559533,0.006586076817409632,0.011858526218482157,0.07577244354854025,0.1810874248210308,0.11274194695551523,0.11643417534093423,0.0253098493278408
2017-10-01,0.002209410698237704,0.00025107772027360204,0.3306961911339023,0.15498369848486815,0.13645167780109954,0.005732127785453718,0.2760338395245064,0.06479506320553496,0.020500403845163575,0.008346509800960095
2017-11-01,0.00042699263153352313,0.00021683004695331173,0.2584441292656307,0.007576099477873769,0.07738230760944192,0.3134316608258034,0.2911944411315147,0.03148977669100415,0.019604607363193676,0.0002331549570507993
2017-12-01,0.007110352483297039,0.0002807390174678912,0.21837547364685445,0.2329002788448074,0.03857021530056696,0.013410080890718263,0.1702375540910145,0.2324640341481704,0.05588117757511901,0.030770094001984088
2018-01-01,0.052649161884108356,0.1387184271015719,0.36419431058406887,0.0059292170491152376,0.01154402177716663,0.07335470495754122,0.18516582693090378,0.112237508951125,0.05073532389810062,0.005471496866298401
2018-02-01,0.0064433191402735075,0.009192600213119254,0.4300430954539013,0.03320042541205381,0.1192086325154537,0.05952192119327926,0.14025962987114385,0.11621689564906056,0.03305361661070626,0.05285986394100852
2018-03-01,0.03175093827479959,0.0029126887756562524,0.45517573123859084,0.007848181800571102,0.0829928059287935,0.06710257462912878,0.11392401488470134,0.13844789448986938,0.09956966475567512,0.0002755052222140842
2018-04-01,0.03826448139154976,0.02343657814007545,0.4525466444134648,0.0016699303443601368,0.06446493488323893,0.04865457863039459,0.18942774620566885,0.11077515819086742,0.032384608962226,0.03837533883815406
2018-05-01,0.0062221335084508165,0.0029236386669546557,0.37771906250997705,0.009396402247654576,0.018107100337189992,0.08424115709668291,0.230980088670898,0.12851929514536348,0.09602679323518622,0.04586432858164228
2018-06-01,0.09214113239312524,0.07302249526572273,0.3556663373994564,0.031904589160502476,0.015501724886038893,0.04646481192436567,0.1538784140034863,0.18329042319560174,0.043934342410666925,0.004195729361033625
2018-07-01,0.061652101012832944,0.005372788114557932,0.36496142526167447,0.000900877726272771,0.08709649669798002,0.12891318914179184,0.057233160275478576,0.20774232314081595,0.08523607792735602,0.0008915607012394905
2018-08-01,0.01663734371031358,0.09097262338404231,0.41322238847221293,0.010539390968815527,0.005338024441760333,0.09599158416153596,0.19113000385522105,0.10695120045619752,0.06441776478889594,0.004799675761004828
2018-09-01,0.11684636429433254,0.04800952618778657,0.45397695050741177,0.007067552517635663,0.0029540630408527195,0.011595159300911042,0.17156725487262492,0.15329684476253463,0.03439173098364469,0.00029455353226550497
2018-10-01,0.0062032977998011905,0.08159695999078628,0.24475056527129616,0.0741778051254168,0.06849954200360504,0.1315610736044166,0.15855208717648975,0.15548561002667222,0.0756994355405096,0.003473623461006346
2018-11-01,0.0014058877952597638,0.0013404154212851107,0.41434112369190024,0.0030880049686616623,0.03436323445605562,0.07702832254165992,0.23755642281623068,0.13366117156452165,0.09386501976798187,0.0033503969764434468
2018-12-01,0.004549177294683213,0.013028182346338178,0.2802712516892319,0.007859221589137991,0.009865360398654188,0.11346387438578333,0.1467358544869878,0.14719553332375349,0.2400641317185791,0.036967412766850824
2019-01-01,0.001833337823917026,0.08683490478364003,0.27134392701251175,0.1250245953418259,0.032017611309561156,0.02829322739967559,0.107170142272322,0.33135628659755445,0.015885567221036324,0.00024040023795576863
2019-02-01,0.021228291973762473,0.005904530273002348,0.3962228704972358,0.008495161310376188,0.025417819180597382,0.04709637698337709,0.2880943633749087,0.05823573821106986,0.05858250459472605,0.0907223436009441
2019-03-01,0.013613023667288329,0.13308922909339335,0.2831680131236528,0.013931746483180598,0.06077751010679236,0.02052252550336745,0.29308130821586675,0.03714396885489668,0.058006729826436364,0.08666594512512531
2019-04-01,0.000585189176134569,0.0021096057197459574,0.06854347444556799,0.009069660596659613,0.0192637605394999,0.003623186225206701,0.14190946830802542,0.025765803109675953,0.004807244705533645,0.7243226071739503
2019-05-01,0.08842962485302594,0.00027801455961828534,0.33403680099011246,0.07043632241370032,0.024605756897146704,0.0620427864442644,0.1184804328701647,0.14975535551169067,0.09132696588102812,0.060607939579248385
2019-06-01,0.006196990150139179,0.009527985839788169,0.3381980166701192,0.05479149347426231,0.026600914257212612,0.0852552238618908,0.2595918891360339,0.07480883087925261,0.0441348837106136,0.10089377202068757
2019-07-01,0.004685589207947077,0.007911041268076572,0.4039313320950217,0.016214661987580824,0.13726814765155057,0.06506228464572694,0.08998837619950628,0.10785502360126328,0.0678363571749185,0.09924718616840823
2019-08-01,0.01635672269913541,0.05958151489466074,0.2687122337450812,0.08784567596837896,0.18303418262199928,0.032720798709589716,0.17720087393775186,0.052073766530275935,0.1054042770978038,0.017069953795323105
2019-09-01,0.03707499544192822,0.05780767089368653,0.31702993010935726,0.06780663606604884,0.02849754417853643,0.12555054040743285,0.1658147731249847,0.15990477617652873,0.03442769315721494,0.00608544044428146
2019-10-01,0.06585904727907498,0.007680773129296489,0.3713040645579578,0.09154701645880683,0.022873534066949176,0.039383397519886176,0.27070099702517836,0.05667302235434702,0.0737454416043185,0.00023270600418467095
2019-11-01,0.04693061636005722,0.07019288333331294,0.3516363311662555,0.00486673501588339,0.06708992044535862,0.09906529162274132,0.193795500983522,0.08543384753293734,0.07943118675099836,0.0015576867889333429
2019-12-01,0.007883104354438081,0.00032280106984421364,0.38244846254747317,0.0032500456684084198,0.01271057305957886,0.025131203262696637,0.22971794317621547,0.22770134420060129,0.05120579436764498,0.059628728293098884
2020-01-01,0.13056491808331722,0.003440014617766673,0.35377601400456077,0.05048981574433157,0.007334019322392037,0.03865340801315636,0.13616380974155395,0.2136365968152513,0.06412397055807628,0.0018174330995938508
2020-02-01,0.008370350603399352,0.08619496119467018,0.3973681865631156,0.0006272318625578454,0.0005961796626835066,0.03520135307216415,0.26941650387711924,0.12069838832729321,0.06274187478257477,0.01878497005442208
2020-03-01,0.09963144154029942,0.004655672209205218,0.327869161225784,0.0036311254245281472,0.02949011585806136,0.02305450203523218,0.31880901256226335,0.16028713766958458,0.03131539419379847,0.0012564372812432663
2020-04-01,0.026943085795137094,0.0002920558584460291,0.39586581483454975,0.0775993907875046,0.008483548885471148,0.04034512856990253,0.18472583209709195,0.12815295559719272,0.11990361567842378,0.017688571896280394
2020-05-01,0.011129713489182295,0.12967677811707054,0.38617117333619144,0.003932837710564179,0.0033005665350514914,0.024695145358538992,0.1363835411481027,0.2222453461513069,0.07677860904235814,0.005686289111633317
2020-06-01,0.02479373799817076,0.0071907585489293735,0.25281120373714905,0.016057260699831877,0.008191831803148315,0.46155180066857837,0.10117012149975438,0.0852860427508678,0.03134449171223069,0.011602750581339362
2020-07-01,0.010020008488198152,0.010917703276635445,0.3729073533206478,0.028334940646956044,0.016831415745516557,0.0230176955691008,0.2914287729459341,0.10216045924474305,0.1016972489901417,0.04268440177212635
2020-08-01,0.025108604288000956,0.1242094527916745,0.48491590288086517,0.01746059647155494,0.0012826811730100537,0.08850033932066041,0.09417108316788078,0.11709542608668795,0.04695094104673219,0.0003049727729330506
2020-09-01,0.0004472775571011371,0.0002271308597117741,0.15674853696566585,0.007782406766477152,0.11095361540698244,0.008507592160724083,0.6293721627489197,0.016796069351753318,0.027426850041333047,0.04173835814133147
2020-10-01,0.009576681464960827,0.0002969496824470363,0.5078536642494232,0.008030284476263942,0.0022520761637612454,0.0340021376462731,0.19974103292338355,0.13136015112373547,0.10347505828495661,0.0034119639847949874
2020-11-01,0.015846238424301568,0.0019847149365757235,0.44152614212955243,0.006657051426189549,0.01975272121969665,0.1356723420893244,0.23025145755001175,0.10716930909347074,0.04025389074140654,0.0008861323894706323
2020-12-01,0.0007055021055949115,0.006351339011325396,0.34917956426035046,0.048670760878905366,0.2370603437707901,0.014858538411128885,0.2681504857027794,0.035302245891480684,0.03933598775049273,0.0003852322171520955
2021-01-01,0.0037852439015760176,0.0238470260903145,0.5367905505723298,0.007190923087252741,0.0004775019070904418,0.12592192994434875,0.03843386234195624,0.14871610556721335,0.09289045274578896,0.021946403842129158
2021-02-01,0.14021153902802452,0.005088032993745689,0.2649317938928846,0.0005630623872600223,0.22405803390702497,0.014341130885807178,0.2657538792390567,0.03543671772388759,0.031986755144483,0.0176290547978257
2021-03-01,0.058806486476016384,0.019061312234096066,0.3566461455573568,0.003684268093470222,0.030774076029727235,0.020592278072177696,0.2845713552096975,0.1894314574392532,0.03552024253286292,0.0009123783553419922
2021-04-01,0.02274644679413596,0.03520651791658934,0.330115628040536,0.006291419337585399,0.09162626111524229,0.0384357552116691,0.16057200301045857,0.24142848431711786,0.05829219452765665,0.015285289729008819
2021-05-01,0.004677831710771199,0.01598280589046717,0.37709656329276026,0.0006303358582503646,0.15581317991728322,0.004740836937042718,0.12371866482704542,0.2429600737266665,0.0723266660479292,0.0020530417917839737
2021-06-01,0.08373566321377025,0.001248392674328156,0.28750360591472596,0.09257588965836533,0.11338948360518428,0.015870029932772152,0.18459627276352394,0.13431803490606722,0.08347955456455954,0.003283072766703148
2021-07-01,0.0036306059061549122,0.012340629328838771,0.3771096566378215,0.0030972011119958314,0.10506233420406243,0.05078095194348116,0.1618029302574316,0.18799973159725092,0.08582308712955955,0.01235287188340337
2021-08-01,0.07999524602312029,0.008847541848101003,0.3557667672884258,0.13267690632247175,0.2143831498544209,0.031058223334832345,0.02123926905724716,0.12459341406282677,0.027921405884879943,0.003518076323674016
2021-09-01,0.00811158828800377,0.031239082630371732,0.23795993329239856,0.0031282048978055364,0.023975183000646393,0.017564610810561546,0.17848652364764891,0.2516464061602816,0.1773089878557692,0.07057947941651273
2021-10-01,0.14481207032018284,0.00033846887491274357,0.11798662540841562,0.0006609328468708534,0.3554539984767185,0.019079900412867976,0.09374924084453802,0.03539770992599206,0.019996360608202382,0.21252469228129903
2021-11-01,0.044634748125422584,0.027456966818419082,0.32244474464744743,0.008475749499606944,0.007145967877242443,0.07235431074602063,0.28368354667760365,0.13338564359748178,0.09822176093377807,0.002196561076977369
2021-12-01,0.01600985118892732,0.00038084154649966153,0.19582734305679692,0.11457080768351817,0.004710143828830021,0.027172294825847196,0.17514351779465206,0.38423622173647176,0.08153946363726414,0.0004095147011927404
2022-01-01,0.01668469452918753,0.02057127899421201,0.29205796195120864,0.011401948299241668,0.3571970790660496,0.12854534983876062,0.07268701484366044,0.044262249828506545,0.045609097689992446,0.010983324959180512
2022-02-01,0.009114690893876794,0.1256562047739868,0.2881233576706555,0.011119483397259258,0.0103072732651916,0.13006447141698763,0.20700553349909176,0.1043934915252547,0.059069053806744765,0.055146439750951175
2022-03-01,0.01138566709400332,0.005864287444887598,0.32901403626390535,0.02035815690572236,0.07501060852602598,0.10017931981918732,0.32103718132106657,0.09990149206104781,0.03695430245544077,0.0002949481087129745
2022-04-01,0.0593802334445552,0.004352421294813725,0.2519836946687062,0.0019653662444181277,0.34988550733568313,0.016065078171233187,0.14830832138460934,0.06679590337290857,0.088797535105862,0.01246593897721053
2022-05-01,0.00937087221576571,0.0002232215779115019,0.34594421248584245,0.0577469594460642,0.16392759622314648,0.04937608380583218,0.15018118949521775,0.06422761007783416,0.14908324194570852,0.009919012726677058
2022-06-01,0.009381377501134023,0.00025761378393529473,0.43041498541219136,0.03467698151460156,0.08018788473256748,0.138768238182334,0.14290344395634638,0.09464496899664127,0.04330323306909541,0.02546127285115325
2022-07-01,0.0006803950170267368,0.020492254939684013,0.44707435954798236,0.02057141554910771,0.0006412803655006955,0.08405138084996579,0.35470136128296326,0.007554449424751849,0.06386158023541269,0.0003715227876048645
2022-08-01,0.0005302389441008985,0.0032224735647308433,0.4529430368912322,0.0017700905511182743,0.2301476421352508,0.03315373242857618,0.06640523138640482,0.14978029856224495,0.039864039360726106,0.022183216175614914
2022-09-01,0.07041441976821193,0.0003319617248352361,0.6205451694748847,0.005488193602092073,0.0046107088053486305,0.011543307018404796,0.16186983236133,0.07897211329833975,0.045867339182888114,0.00035695476366476596
2022-10-01,0.015141884022455537,0.09083878869616592,0.31819032505232375,0.07582414058163103,0.151503281353597,0.04915559262593594,0.0887819669761628,0.12322899022676051,0.07788565912060504,0.009449371344362495
2022-11-01,0.01093663942367823,0.0003631330622848829,0.38823729582202265,0.0007090949841720802,0.24358235595293676,0.017604738692520536,0.16099290364500113,0.11532986019908975,0.05848849999461084,0.003755478223683133
2022-12-01,0.005979699888026512,0.00024018874770777903,0.3619430944558992,0.009361563024605933,0.14919515772153763,0.1822887648913885,0.2001527284599121,0.03371977684026388,0.026666841160557852,0.030452184810100643
2023-01-01,0.0005113750294442605,0.01666558123493297,0.18037000465935796,0.008896422929856504,0.0004819770159390191,0.11922815927924002,0.13355845183260567,0.3631464868363469,0.17686231005074435,0.00027923113153234
2023-02-01,0.004269907185386327,0.0002498049085177638,0.5782655245845159,0.009713383553329322,0.0032507751727206147,0.01583081766488115,0.16528133765646685,0.1004599745157563,0.12240986230246005,0.00026861245596573055
2023-03-01,0.011455078208930216,0.000850592894151154,0.27002964142869423,0.0035319457584113427,0.006405110232753845,0.04930381843637368,0.11654367734313222,0.32972187282089555,0.14095435192867867,0.07120391094797907
2023-04-01,0.02111438144741982,0.0014873537344572097,0.362918052029092,0.009063560536454693,0.006262151589162552,0.028558228706498753,0.09131594321517983,0.1875542531774605,0.05254865672399687,0.23917741884027777
2023-05-01,0.020750261751141988,0.00039713708433772717,0.4211892198800241,0.012057932249457582,0.004640039530135812,0.03112019503369802,0.2470592890947245,0.18799720298420064,0.07096392843639647,0.0038247939558831417
2023-06-01,0.04478558393553564,0.01434206496261408,0.5826067111304924,0.006139939637752242,0.020043089008895898,0.04937013979726152,0.12254267749131438,0.14309388886655228,0.013907847340451114,0.0031680578291303427
2023-07-01,0.03192003601170682,0.00023788871520502073,0.26059876226367973,0.013381098758532236,0.00044153136164836484,0.24255957720007773,0.2447081761233605,0.12245310516698926,0.08344402528970263,0.0002557991090976977
2023-08-01,0.0005483698866727611,0.00027846637557248175,0.0738277164943219,0.1365688015346588,0.21478710933437045,0.02995967472046485,0.09057076311063746,0.18118575534305684,0.26825090611107216,0.004022437089172286
2023-09-01,0.0011515286902866965,0.0005847549837167513,0.429905930270771,0.0011418591294138634,0.42410698429343807,0.0018911256588299964,0.010758395669227438,0.08782907726652806,0.04200156348048535,0.0006287805573027912
2023-10-01,0.0611425475596161,0.031048649359329866,0.12725602945615114,0.06062912610986978,0.0576275792590986,0.10041102783003455,0.159654741497512,0.16277519101205346,0.2060688388131424,0.03338626910319212
2023-11-01,0.47189573388652384,0.0072182380568472345,0.32463185985304555,0.0005939370687571563,0.007755039411544022,0.09686891138617129,0.0015673829778618158,0.0319908117389102,0.03212250605243346,0.025355579567905493
2023-12-01,0.0611425475596161,0.031048649359329866,0.12725602945615114,0.06062912610986978,0.0576275792590986,0.10041102783003455,0.159654741497512,0.16277519101205346,0.2060688388131424,0.03338626910319212
2024-01-01,0.00948431482588001,0.013768679495621041,0.30337751456532724,0.01605517731066154,0.0011279351795894003,0.015402840578574016,0.4909135053992601,0.1451418363103868,0.004074732339088118,0.0006534639956117134
2024-02-01,0.001734128190073952,0.0008806034300433554,0.03627035032056541,0.0017195664662632585,0.0016344364151284505,0.0028479232286516593,0.9036366483501435,0.04447125561900238,0.005858184865195151,0.0009469031149329784
2024-03-01,0.0009208653790451622,0.0004676224180885549,0.0019170031567865948,0.0009131327421860431,0.0008679265926372271,0.2455244497376487,0.4240032858736631,0.08251465774705762,0.24236822714842818,0.0005028292044588173
2024-04-01,0.1749542390073712,0.00814150694799482,0.290783999291899,0.006432543469434865,0.0005550625642966233,0.01956325250170998,0.24250891662423638,0.032176371526718275,0.2245625351591116,0.00032157290722728695
2024-05-01,0.006475631263052989,0.00022861809958945584,0.20922157202685013,0.0023560646534072894,0.003389838600546272,0.3778156198133145,0.057730489829528234,0.05782138905328636,0.2847149461473324,0.0002458305130923291
2024-06-01,0.012575807017788576,0.0006031466973423507,0.0024724085433961893,0.0011777728899266488,0.0011194652751039325,0.0019505891939873687,0.0031045184277098768,0.003165108881028003,0.9731826261070313,0.0006485569666857456
2024-07-01,0.0611425475596161,0.031048649359329866,0.12725602945615114,0.06062912610986978,0.0576275792590986,0.10041102783003455,0.159654741497512,0.16277519101205346,0.2060688388131424,0.03338626910319212
2024-08-01,0.0611425475596161,0.031048649359329866,0.12725602945615114,0.06062912610986978,0.0576275792590986,0.10041102783003455,0.159654741497512,0.16277519101205346,0.2060688388131424,0.03338626910319212
